Name,City,Island
Aluminium City,Auckland,North Island
Rylock East Tamaki,Auckland,North Island
Awapuni Joinery,Gisborne,North Island
Whangarei Aluminium,Whangarei,North Island
Vistalite West,Auckland,North Island
Urban Joinery,Lower Hutt,North Island
Norm Fowke Glass Ltd,Blenheim,South Island
Lakeland Glass,Queenstown,South Island
Hagley Building Products,Christchurch,South Island
Vision Windows Ltd,Auckland,North Island
Pakuranga Joinery,Auckland,North Island
CT Timber Joinery,Auckland,North Island
Raylight Aluminium,Christchurch,South Island
Omega Aluminium,New Plymouth,North Island
Kaitaia Glass & Aluminium,Kaitaia,North Island
Glenns Glass & Aluminium,Whakatane,North Island
Fairview Aluminium,Paraparaumu,North Island
Cromptons Joinery,Taupo,North Island
Altherm Napier,Napier,North Island
Westpine Joinery,Auckland,North Island
Westview Aluminium,Wellington,North Island
Ryans Mt Maunganui,Tauranga,North Island
Nebulite Palmerston North,Palmerston North,North Island
Aitken Joinery Ltd,Otago,South Island
Thermosash Commercial,Christchurch,South Island
South Auckland Glass,Auckland,North Island
Rodney Aluminium,Warkworth,North Island
Canterbury Aluminium,Christchurch,South Island
Altherm Palmerston North,Palmerston North,North Island
Opal Glass,Cambridge,North Island
Nulook Wanganui,Wanganui,North Island
Phoenix Aluminium (Nth Sh),Auckland,North Island
Huntly Joinery,Waikato,North Island
Elite Windows Solutions,Auckland,North Island
Dawson Aluminium,Marlborough,South Island
First Windows & Doors,Waikato,North Island
Euro Timber Joinery,Auckland,North Island
Alifix Aluminium,Manawatu,North Island
Windows 2000,Auckland,North Island
Wackrows Joinery,Waikato,North Island
St Peters College,Auckland,North Island
Stile Aluminium,Auckland,North Island
Express Aluminium,Auckland,North Island
Cedarlite Industries,Auckland,North Island
Bradnams Windows & Doors,Auckland,North Island
Auckland Joinery,Auckland,North Island
Alutech Windows & Doors,Christchurch,South Island